workers,time_sec
1,246.3255136013031
2,129.17217659950256
3,89.13801741600037
4,69.12039065361023
10,31.089073181152344
